Workbook

Sheet README
A1: Project NEEV — Trainee Supervisor Programme Tracker
A2: Batch 2026-01 · 12 Trainee Supervisors · Phase 1: Sep–Dec 2026 · Gateway Assessment: Month 5 (Jan 2027) · Confirmation: 31 May 2027
A4: WHO DOES WHAT
A5: Rajat — runs it | B5: Training Coordinator. Fills Attendance and DailyLog at 17:30 every day, at the point of the log review — not at the end of the week. Keeps this workbook current.
A6: Deepti — owns it | B6: Training Supervisor. Fills Weekly every Saturday, marks the D11 checkpoint and the D26 assessment, reads the bands, decides the department allotment, and takes it to the Saturday review.
A7: Bharti — office | B7: Office Coordinator. Trainee names and joining documents into TraineeMaster, attendance data to payroll, training files.
A9: WHEN TO FILL WHAT
A10: Daily 17:30 | B10: Attendance and DailyLog. Two numbers per trainee. Five minutes.
A11: Every Saturday | B11: Weekly — buddy rating out of 5 and module test out of 20.
A12: 12 Sep | B12: Checkpoint sheet. Velocity and Final compute themselves from it. Pods are formed from this result.
A13: 30 Sep | B13: Fill Capstone and department-block drill scores in Final. Read the band, allot the Month 2 immersion in the Immersions sheet.
A15: CELL COLOURS
A16: Blue text on yellow | B16: You type here. These are the only cells you edit.
A17: Black text | B17: A formula. Do not overwrite — if you type over it, the sheet stops working.
A18: Green text | B18: A link pulling a value from another sheet.
A20: THE TWO THINGS WE MEASURE
A21: Score | B21: What the trainee knows and can do. The weighted total in the Final sheet, out of 100.
A22: Learning Velocity | B22: How fast they are learning, measured as normalised gain: (Gate − Baseline) ÷ (100 − Baseline) × 100.
A23: Why normalised | B23: A trainee who moves 30→70 captured 57% of the improvement available to them. One who moves 65→75 captured 29%. The second has a higher score and the lower velocity. Velocity, not starting position, drives the Month 2 assignment.
A25: BANDS
A26: A — Fast | B26: Final >= 75 and Velocity >= 55. Given the harder scope in each immersion; watch as a future department lead.
A27: B — On track | B27: Final >= 60. Standard immersion scope with daily supervision. Most people should be here.
A28: C — Developing | B28: Final >= 45. Written improvement plan naming two specific gaps, a named mentor, re-check next month.
A29: D — At risk | B29: Final < 45. Honest written conversation with Deepti. NOT an exit — the Gateway in Month 5 is the exit point. But they must be told in September, not discover it in January.
A31: ASSUMPTIONS
A32: Hours | B32: 09:00 to 18:00 per the offer letter. Eight scheduled early-muster days (2, 5, 8, 14, 17, 21, 24, 28 Sep) start 07:30 and end 16:30.
A33: Offs | B33: 4 offs per month per the offer letter. In September these are the four Sundays, giving 26 working days.
A34: Weights | B34: Set by Rahul and Deepti; stated in Part A6 of the Trainee Handbook. Editable in the Final sheet, row 4.
A35: Baseline | B35: The D01 diagnostic is NOT used for ranking. It exists only so that improvement can be measured. Tell the trainees this.
A36: Gateway | B36: Month 5, January 2027. Theory + practical. This workbook covers Month 1; the same structure extends through Months 2-4.

Sheet TraineeMaster
A1: Trainee Master
A2: Bharti fills columns B, C and G at joining. Pod and Site Buddy are assigned on 12 Sep after the checkpoint (see Rotation sheet). Four pods of three, one buddy per pod.
A4: ID | B4: Name | C4: Diploma / branch | D4: Pod | E4: Site Buddy | F4: Base site | G4: Notes
A5: T01 | B5: Rahul Sharma (example) | C5: Civil — Govt Polytechnic Gwalior | D5: A | E5: Sr. Engineer — Structures | F5: Zen Garden
A6: T02 | F6: Zen Garden
A7: T03 | F7: Zen Garden
A8: T04 | F8: Zen Garden
A9: T05 | F9: Zen Garden
A10: T06 | F10: Zen Garden
A11: T07 | F11: Zen Garden
A12: T08 | F12: Zen Garden
A13: T09 | F13: Zen Garden
A14: T10 | F14: Zen Garden
A15: T11 | F15: Zen Garden
A16: T12 | F16: Zen Garden
A18: Example row shown in T01. Overwrite it with the real trainee.

Sheet Calendar
A1: Programme Calendar — Month 1
A2: 26 working days, 1–30 September 2026. Sundays off. Adjust for any local holiday before Day 1.
A4: Day | B4: Date | C4: Weekday | D4: Phase | E4: Focus / classroom module (15:30–17:00) | F4: Owner
A5: D01 | B5: 01-Sep-26 | C5: Tue | D5: Phase 1 | E5: Induction, safety, code of conduct · BASELINE DIAGNOSTIC (D01) | F5: HR + Safety Officer + TC
A6: D02 | B6: 02-Sep-26 | C6: Wed | D6: Phase 1 | E6: Reading drawings I — architectural set, grids, levels, symbols | F6: Design / Planning Head
A7: D03 | B7: 03-Sep-26 | C7: Thu | D7: Phase 1 | E7: Reading drawings II — structural set, column & beam schedules, BBS | F7: Structural / PMC Lead
A8: D04 | B8: 04-Sep-26 | C8: Fri | D8: Phase 1 | E8: Measurement, mensuration, IS 1200 and the Measurement Book | F8: Sr. QS
A9: D05 | B9: 05-Sep-26 | C9: Sat | D9: Phase 1 | E9: Land survey & setting out — total station, grids, profiles | F9: Site Surveyor
A10: D06 | B10: 07-Sep-26 | C10: Mon | D10: Phase 1 | E10: Levels & levelling — auto level, RL, level book, the 1-metre line | F10: Site Surveyor
A11: D07 | B11: 08-Sep-26 | C11: Tue | D11: Phase 1 | E11: Cement — types, field tests, lab tests, storage, consumption control | F11: QC Head
A12: D08 | B12: 09-Sep-26 | C12: Wed | D12: Phase 1 | E12: Concrete & reinforcement — mix, slump, cubes, BBS, cover | F12: QC Head + Sr. Engineer
A13: D09 | B13: 10-Sep-26 | C13: Thu | D13: Phase 1 | E13: Shuttering, masonry & block machinery; stores walkthrough | F13: Sr. Engineer — Structures
A14: D10 | B14: 11-Sep-26 | C14: Fri | D14: Phase 1 | E14: Estimation, BOQ, rate analysis; procurement cycle | F14: Sr. QS + Purchase Head
A15: D11 | B15: 12-Sep-26 | C15: Sat | D15: Phase 1 | E15: QC system, NCR, SWA · MONTH 1 CHECKPOINT · pods formed (D11) | F15: QC Head + Deepti
... A30: D26 | B30: 30-Sep-26 | C30: Wed | D30: Phase 2 | E30: Taster B4 · capstone preparation | F30: Rajat
A33: Month 2 — Supervised Ownership (1–31 October 2026)
A34: Day | B34: Date | C34: Weekday | D34: Phase | E34: Milestone | F34: Owner
A35: D27 | B35: 01-Oct-26 | C35: Thu | D35: Month 2 | E35: Scope handover — each trainee receives a named, bounded scope and a reporting engineer | F35: Programme Sponsor
A36: — | B36: 03-Oct-26 | C36: Sat | D36: Month 2 | E36: Week 1 review — first independent DPR and checklist submitted | F36: TC
A37: — | B37: 10-Oct-26 | C37: Sat | D37: Month 2 | E37: Week 2 review — first independent measurement and NCR | F37: TC
A38: — | B38: 17-Oct-26 | C38: Sat | D38: Month 2 | E38: Week 3 review — contractor interaction and productivity tracking | F38: TC
A39: D45 | B39: 22-Oct-26 | C39: Thu | D39: Month 2 | E39: MID-POINT REVIEW — band re-confirmed or revised, improvement plans reset | F39: Sponsor + TC
A40: — | B40: 24-Oct-26 | C40: Sat | D40: Month 2 | E40: Week 4 review — snagging and handover exposure | F40: TC
A41: D60 | B41: 31-Oct-26 | C41: Sat | D41: Month 2 | E41: CONFIRMATION REVIEW — 60-day checklist signed, certification, role placement, letters issued | F41: CEO + Sponsor + HR

Sheet Rotation
A1: Pods, Departments & Rotation
A2: Four pods of three. Four departments. Read a row across: in block B1, Pod 1 is in Supervision while Pod 2 is in Quality, Pod 3 in Measurement and Pod 4 in Store. Then everyone moves one place along.
A4: Block | B4: Dates | C4: Pod 1 | D4: Pod 2 | E4: Pod 3 | F4: Pod 4
A5: B1 | B5: Mon 14 - Thu 17 Sep | C5: Supervision | D5: Quality | E5: Measurement | F5: Store
A6: B2 | B6: Fri 18 - Tue 22 Sep | C6: Quality | D6: Measurement | E6: Store | F6: Supervision
A7: B3 | B7: Wed 23 - Fri 25 Sep | C7: Measurement | D7: Store | E7: Supervision | F7: Quality
A8: B4 | B8: Sat 26 - Tue 29 Sep | C8: Store | D8: Supervision | E8: Quality | F8: Measurement
A9: D26 | B9: Wed 30 Sep | C9: Month 1 assessment | D9: capstone | E9: aptitude read | F9: Month 2 allotted
A11: Months 2 to 4 - department immersions (same pods, a whole month each)
A12: Period | B12: When | C12: Pod 1 | D12: Pod 2 | E12: Pod 3 | F12: Pod 4
A13: Month 2 | B13: October 2026 | C13: Supervision | D13: Quality | E13: Measurement | F13: Store
A14: Month 3 | B14: November 2026 | C14: Quality | D14: Measurement | E14: Store | F14: Supervision
A15: Month 4 | B15: December 2026 | C15: Measurement | D15: Store | E15: Supervision | F15: Quality
A16: Last week | B16: December 2026 | C16: Store | D16: Supervision | E16: Quality | F16: Measurement
A17: Three months deep in three departments, then one week in the fourth so nobody reaches the Gateway with a blank space. Every department hosts exactly one pod at a time, which is what makes this affordable in supervision time.
A19: The four departments
A20: Dept | B20: What the job is | C20: Handbook modules | D20: Department head
A21: Supervision | B21: Getting work built correctly and on time, by people who do not report to you. | C21: M04 M05 M08 M09 M10 M11 M13 M14 M15 M21 | D21: Sr. Engineer (Structures) + PM
A22: Quality | B22: Deciding whether what was built is acceptable, and stopping it when it is not. | C22: M01 M06 M07 M12 M19 M22 | D22: QC Head
A23: Measurement | B23: Turning built work into numbers that can be paid. | C23: M02 M03 M17 M18 | D23: Senior QS
A24: Store | B24: Controlling the 55-70% of project cost that passes through the store. | C24: M16 + procurement cycle | D24: Store In-charge + Purchase Head
A26: Pod assignment - fill on 12 Sep, after the checkpoint
A27: Pod | B27: Trainee 1 | C27: Trainee 2 | D27: Trainee 3 | E27: Site Buddy | F27: Notes
A28: Pod 1
A29: Pod 2
A30: Pod 3
A31: Pod 4
A33: POD COMPOSITION RULE
A34: One strong, one middle and one developing trainee in every pod. Do not put the three quickest together - you get one pod that races ahead, three that stall, and no peer teaching anywhere.
A35: One site buddy per pod of three. Three is the maximum one person can genuinely supervise on a live site; it is a safety limit as much as a teaching one.
A36: Pods stay together for the whole of Phase 1. Rebalance only if a pod is clearly dragging, and only at a month boundary.

Sheet TrainerMatrix
A1: Trainer & Ownership Matrix
A2: Module numbers match the Trainee Handbook (M01–M22). Recommended by ROLE — fill column D with the actual person. Read the selection rule at the bottom before you assign anyone.
A4: Ref | B4: Module | C4: Recommended trainer (role) | D4: Assigned name | E4: Hours | F4: Why this role
A5: M01 | B5: Site Safety & EHS | C5: Safety Officer / EHS Lead | E5: 3 | F5: Owns the standard and the permits; must be the face of it from Day 1
A6: M02 | B6: Reading Drawings (D02 architectural + D03 structural & BBS) | C6: Design/Planning Head + Structural Engineer | E6: 6 | F6: Two days, two teachers: the Planning Head issues the drawings, the structural engineer explains consultant intent
A7: M03 | B7: Measurement, IS 1200 & the Measurement Book | C7: Senior Quantity Surveyor | E7: 3 | F7: MB discipline is a QS competency, not a site-engineer one
A8: M04 | B8: Land Survey & Setting Out | C8: Site Surveyor | E8: 3 | F8: Instrument skill can only be taught hands-on by the person who uses it daily
A9: M05 | B9: Levels & Levelling | C9: Site Surveyor | E9: 3 | F9: Same instrument, same person, continuity of method
A10: M06 | B10: Cement & Cement Testing | C10: QC Head / Lab In-charge | E10: 3 | F10: Owns the test regime and the acceptance decision
A11: M07 | B11: Concrete & Concrete Testing | C11: QC Head + Sr. Engineer (Structures) | E11: 3 | F11: Theory from QC, pour discipline from the engineer who runs pours
A12: M08 | B12: Reinforcement Steel & BBS | C12: Sr. Engineer — Structures | E12: 3 | F12: Bar fixing supervision is a daily execution skill
A13: M09 | B13: Shuttering & Formwork | C13: Sr. Engineer — Structures / Formwork In-charge | E13: 3 | F13: Deshuttering judgement cannot be taught from a table
A14: M10 | B14: Brick, Block & Masonry Machinery | C14: Sr. Engineer — Finishing | E14: 3 | F14: Owns the trade and the machinery on site
A15: M11 | B15: Plastering | C15: Sr. Engineer — Finishing | E15: 2 | F15: Dots, screeds and tap-testing are learned by hand
A16: M12 | B16: Waterproofing | C16: QC Head + waterproofing agency | E16: 3 | F16: The agency knows the system; QC owns the acceptance and the record
... A26: M22 | B26: Snagging, Handover & Customer Quality | C26: Quality Head + CRM/Handover Lead | E26: 3 | F26: The customer-facing view is what makes it land
B27: Total trainer hours across the programme | E27: =SUM(E5:E26) -> 69 | F27: Roughly 5–7 working days of senior time in total, spread across ~12 people. That is the real cost of this programme.
A29: TRAINER SELECTION RULE — read before assigning anyone
A30: 1. Do not assign anyone who has ever been the subject of a show-cause notice on checklist or inspection discipline. A trainer transmits habits, not just content.
A31: 2. Do not assign a trainer to a module they have not personally executed in the last twelve months.
A32: 3. Each trainer gets a fixed 90-minute afternoon window and one field drill. They are not pulled off site for a day. This is what makes the programme affordable.
A33: 4. The Training Coordinator sits in on every session in the first week and spot-checks after that. Trainer quality is audited, not assumed.
A34: 5. If a role is vacant or the person is unavailable, the Programme Sponsor teaches it. The module does not get dropped and it does not get moved.

Sheet Attendance
A1: Attendance Register
A2: Enter P (present), A (absent), L (leave), H (half day). Filled at 17:30 daily by the Training Coordinator.
A4: Day | B4: Date | C4: Wd | D4: T01 | E4: T02 | F4: T03 | G4: T04 | H4: T05 | I4: T06 | J4: T07 | K4: T08 | L4: T09 | M4: T10 | N4: T11 | O4: T12 | P4: % Present
A5: D01 | B5: 01-Sep-26 | C5: Tue | D5: P | E5: P | F5: P | G5: P | H5: P | I5: P | J5: P | K5: P | L5: P | M5: P | N5: P | O5: P | P5: =IFERROR(COUNTIF(D5:O5,"P")/12,"") -> 1
A6: D02 | B6: 02-Sep-26 | C6: Wed | P6: =IFERROR(COUNTIF(D6:O6,"P")/12,"") -> 0
A7: D03 | B7: 03-Sep-26 | C7: Thu | P7: =IFERROR(COUNTIF(D7:O7,"P")/12,"") -> 0
A8: D04 | B8: 04-Sep-26 | C8: Fri | P8: =IFERROR(COUNTIF(D8:O8,"P")/12,"") -> 0
A9: D05 | B9: 05-Sep-26 | C9: Sat | P9: =IFERROR(COUNTIF(D9:O9,"P")/12,"") -> 0
A10: D06 | B10: 07-Sep-26 | C10: Mon | P10: =IFERROR(COUNTIF(D10:O10,"P")/12,"") -> 0
A11: D07 | B11: 08-Sep-26 | C11: Tue | P11: =IFERROR(COUNTIF(D11:O11,"P")/12,"") -> 0
A12: D08 | B12: 09-Sep-26 | C12: Wed | P12: =IFERROR(COUNTIF(D12:O12,"P")/12,"") -> 0
A13: D09 | B13: 10-Sep-26 | C13: Thu | P13: =IFERROR(COUNTIF(D13:O13,"P")/12,"") -> 0
A14: D10 | B14: 11-Sep-26 | C14: Fri | P14: =IFERROR(COUNTIF(D14:O14,"P")/12,"") -> 0
A15: D11 | B15: 12-Sep-26 | C15: Sat | P15: =IFERROR(COUNTIF(D15:O15,"P")/12,"") -> 0
A16: D12 | B16: 14-Sep-26 | C16: Mon | P16: =IFERROR(COUNTIF(D16:O16,"P")/12,"") -> 0
A17: D13 | B17: 15-Sep-26 | C17: Tue | P17: =IFERROR(COUNTIF(D17:O17,"P")/12,"") -> 0
... A30: D26 | B30: 30-Sep-26 | C30: Wed | P30: =IFERROR(COUNTIF(D30:O30,"P")/12,"") -> 0
C31: Days present | D31: =COUNTIF(D5:D30,"P")+0.5*COUNTIF(D5:D30,"H") -> 1 | E31: =COUNTIF(E5:E30,"P")+0.5*COUNTIF(E5:E30,"H") -> 1 | F31: =COUNTIF(F5:F30,"P")+0.5*COUNTIF(F5:F30,"H") -> 1 | G31: =COUNTIF(G5:G30,"P")+0.5*COUNTIF(G5:G30,"H") -> 1 | H31: =COUNTIF(H5:H30,"P")+0.5*COUNTIF(H5:H30,"H") -> 1 | I31: =COUNTIF(I5:I30,"P")+0.5*COUNTIF(I5:I30,"H") -> 1 | J31: =COUNTIF(J5:J30,"P")+0.5*COUNTIF(J5:J30,"H") -> 1 | K31: =COUNTIF(K5:K30,"P")+0.5*COUNTIF(K5:K30,"H") -> 1 | ... O31: =COUNTIF(O5:O30,"P")+0.5*COUNTIF(O5:O30,"H") -> 1
C32: Attendance % | D32: =D31/26 -> 0.038461538 | E32: =E31/26 -> 0.038461538 | F32: =F31/26 -> 0.038461538 | G32: =G31/26 -> 0.038461538 | H32: =H31/26 -> 0.038461538 | I32: =I31/26 -> 0.038461538 | J32: =J31/26 -> 0.038461538 | K32: =K31/26 -> 0.038461538 | ... O32: =O31/26 -> 0.038461538

Sheet DailyLog
A1: Daily Log Quality Score
A2: Rated 1–5 by the Training Coordinator at the 17:00 log review, in front of the trainee. 5 = a colleague who was not on site could reconstruct the day from it. 1 = no numbers, no locations, no question.
A4: Day | B4: Date | C4: Wd | D4: T01 | E4: T02 | F4: T03 | G4: T04 | H4: T05 | I4: T06 | J4: T07 | K4: T08 | L4: T09 | M4: T10 | N4: T11 | O4: T12 | P4: Batch avg
A5: D01 | B5: 01-Sep-26 | C5: Tue | D5: 3 | E5: 3 | F5: 3 | G5: 3 | H5: 3 | I5: 3 | J5: 3 | K5: 3 | L5: 3 | M5: 3 | N5: 3 | O5: 3 | P5: =IFERROR(AVERAGE(D5:O5),"") -> 3
A6: D02 | B6: 02-Sep-26 | C6: Wed | P6: =IFERROR(AVERAGE(D6:O6),"")
A7: D03 | B7: 03-Sep-26 | C7: Thu | P7: =IFERROR(AVERAGE(D7:O7),"")
A8: D04 | B8: 04-Sep-26 | C8: Fri | P8: =IFERROR(AVERAGE(D8:O8),"")
A9: D05 | B9: 05-Sep-26 | C9: Sat | P9: =IFERROR(AVERAGE(D9:O9),"")
A10: D06 | B10: 07-Sep-26 | C10: Mon | P10: =IFERROR(AVERAGE(D10:O10),"")
A11: D07 | B11: 08-Sep-26 | C11: Tue | P11: =IFERROR(AVERAGE(D11:O11),"")
A12: D08 | B12: 09-Sep-26 | C12: Wed | P12: =IFERROR(AVERAGE(D12:O12),"")
A13: D09 | B13: 10-Sep-26 | C13: Thu | P13: =IFERROR(AVERAGE(D13:O13),"")
A14: D10 | B14: 11-Sep-26 | C14: Fri | P14: =IFERROR(AVERAGE(D14:O14),"")
A15: D11 | B15: 12-Sep-26 | C15: Sat | P15: =IFERROR(AVERAGE(D15:O15),"")
A16: D12 | B16: 14-Sep-26 | C16: Mon | P16: =IFERROR(AVERAGE(D16:O16),"")
A17: D13 | B17: 15-Sep-26 | C17: Tue | P17: =IFERROR(AVERAGE(D17:O17),"")
... A30: D26 | B30: 30-Sep-26 | C30: Wed | P30: =IFERROR(AVERAGE(D30:O30),"")
C31: Average | D31: =IFERROR(AVERAGE(D5:D30),"") -> 3 | E31: =IFERROR(AVERAGE(E5:E30),"") -> 3 | F31: =IFERROR(AVERAGE(F5:F30),"") -> 3 | G31: =IFERROR(AVERAGE(G5:G30),"") -> 3 | H31: =IFERROR(AVERAGE(H5:H30),"") -> 3 | I31: =IFERROR(AVERAGE(I5:I30),"") -> 3 | J31: =IFERROR(AVERAGE(J5:J30),"") -> 3 | K31: =IFERROR(AVERAGE(K5:K30),"") -> 3 | ... O31: =IFERROR(AVERAGE(O5:O30),"") -> 3
C32: Trend (last 8 vs first 8) | D32: =IFERROR(AVERAGE(D23:D30)-AVERAGE(D5:D12),"") | E32: =IFERROR(AVERAGE(E23:E30)-AVERAGE(E5:E12),"") | F32: =IFERROR(AVERAGE(F23:F30)-AVERAGE(F5:F12),"") | G32: =IFERROR(AVERAGE(G23:G30)-AVERAGE(G5:G12),"") | H32: =IFERROR(AVERAGE(H23:H30)-AVERAGE(H5:H12),"") | I32: =IFERROR(AVERAGE(I23:I30)-AVERAGE(I5:I12),"") | J32: =IFERROR(AVERAGE(J23:J30)-AVERAGE(J5:J12),"") | K32: =IFERROR(AVERAGE(K23:K30)-AVERAGE(K5:K12),"") | ... O32: =IFERROR(AVERAGE(O23:O30)-AVERAGE(O5:O12),"")
A34: A positive trend is the point. A trainee whose log score is flat for three weeks is not being corrected — that is a Training Coordinator failure, not a trainee failure.

Sheet Weekly
A1: Weekly Ratings
A2: Site Buddy rating (1–5: initiative, discipline, safety behaviour, punctuality, how they take correction) and the weekly module test (out of 20). Filled every Saturday before the Sponsor review.
A4: ID | B4: Name | C4: Wk1 Buddy /5 | D4: Wk1 Test /20 | E4: Wk2 Buddy /5 | F4: Wk2 Test /20 | G4: Wk3 Buddy /5 | H4: Wk3 Test /20 | I4: Wk4 Buddy /5 | J4: Wk4 Test /20 | K4: Buddy avg | L4: Test avg %
A5: T01 | B5: =IFERROR(INDEX(TraineeMaster!$B$4:$B$16,MATCH($A5,TraineeMaster!$A$4:$A$16,0)),"") -> Rahul Sharma (example) | C5: 4 | D5: 14 | E5: 4 | F5: 14 | G5: 4 | H5: 14 | I5: 4 | J5: 14 | K5: =IFERROR(AVERAGE(C5,E5,G5,I5),"") -> 4 | L5: =IFERROR(AVERAGE(D5,F5,H5,J5)/20,"") -> 0.7
A6: T02 | B6: =IFERROR(INDEX(TraineeMaster!$B$4:$B$16,MATCH($A6,TraineeMaster!$A$4:$A$16,0)),"") -> 0 | K6: =IFERROR(AVERAGE(C6,E6,G6,I6),"") | L6: =IFERROR(AVERAGE(D6,F6,H6,J6)/20,"")
A7: T03 | B7: =IFERROR(INDEX(TraineeMaster!$B$4:$B$16,MATCH($A7,TraineeMaster!$A$4:$A$16,0)),"") -> 0 | K7: =IFERROR(AVERAGE(C7,E7,G7,I7),"") | L7: =IFERROR(AVERAGE(D7,F7,H7,J7)/20,"")
A8: T04 | B8: =IFERROR(INDEX(TraineeMaster!$B$4:$B$16,MATCH($A8,TraineeMaster!$A$4:$A$16,0)),"") -> 0 | K8: =IFERROR(AVERAGE(C8,E8,G8,I8),"") | L8: =IFERROR(AVERAGE(D8,F8,H8,J8)/20,"")
A9: T05 | B9: =IFERROR(INDEX(TraineeMaster!$B$4:$B$16,MATCH($A9,TraineeMaster!$A$4:$A$16,0)),"") -> 0 | K9: =IFERROR(AVERAGE(C9,E9,G9,I9),"") | L9: =IFERROR(AVERAGE(D9,F9,H9,J9)/20,"")
A10: T06 | B10: =IFERROR(INDEX(TraineeMaster!$B$4:$B$16,MATCH($A10,TraineeMaster!$A$4:$A$16,0)),"") -> 0 | K10: =IFERROR(AVERAGE(C10,E10,G10,I10),"") | L10: =IFERROR(AVERAGE(D10,F10,H10,J10)/20,"")
A11: T07 | B11: =IFERROR(INDEX(TraineeMaster!$B$4:$B$16,MATCH($A11,TraineeMaster!$A$4:$A$16,0)),"") -> 0 | K11: =IFERROR(AVERAGE(C11,E11,G11,I11),"") | L11: =IFERROR(AVERAGE(D11,F11,H11,J11)/20,"")
A12: T08 | B12: =IFERROR(INDEX(TraineeMaster!$B$4:$B$16,MATCH($A12,TraineeMaster!$A$4:$A$16,0)),"") -> 0 | K12: =IFERROR(AVERAGE(C12,E12,G12,I12),"") | L12: =IFERROR(AVERAGE(D12,F12,H12,J12)/20,"")
A13: T09 | B13: =IFERROR(INDEX(TraineeMaster!$B$4:$B$16,MATCH($A13,TraineeMaster!$A$4:$A$16,0)),"") -> 0 | K13: =IFERROR(AVERAGE(C13,E13,G13,I13),"") | L13: =IFERROR(AVERAGE(D13,F13,H13,J13)/20,"")
A14: T10 | B14: =IFERROR(INDEX(TraineeMaster!$B$4:$B$16,MATCH($A14,TraineeMaster!$A$4:$A$16,0)),"") -> 0 | K14: =IFERROR(AVERAGE(C14,E14,G14,I14),"") | L14: =IFERROR(AVERAGE(D14,F14,H14,J14)/20,"")
A15: T11 | B15: =IFERROR(INDEX(TraineeMaster!$B$4:$B$16,MATCH($A15,TraineeMaster!$A$4:$A$16,0)),"") -> 0 | K15: =IFERROR(AVERAGE(C15,E15,G15,I15),"") | L15: =IFERROR(AVERAGE(D15,F15,H15,J15)/20,"")
A16: T12 | B16: =IFERROR(INDEX(TraineeMaster!$B$4:$B$16,MATCH($A16,TraineeMaster!$A$4:$A$16,0)),"") -> 0 | K16: =IFERROR(AVERAGE(C16,E16,G16,I16),"") | L16: =IFERROR(AVERAGE(D16,F16,H16,J16)/20,"")
B18: Note: Wk1 has 5 working days, Wk2 has 6, Wk3 has 6, Wk4 has 9. The averages are per-week, not per-day, so the weeks weigh equally.

Sheet GateD11
A1: Month 1 Checkpoint Assessment — D11, Saturday 12 September 2026
A2: 100 marks: 40 written (from the handbook self-check questions), 30 practical field task, 30 behavioural & situational. Marked by the QC Head and Deepti independently, then reconciled. This is a checkpoint, not a gate — the Gateway is Month 5. Pods are formed from this result.
A4: ID | B4: Name | C4: Baseline D01 /100 | D4: Written /40 | E4: Practical /30 | F4: Behavioural /30 | G4: Checkpt /100 | H4: Velocity | I4: Marker's one-line judgement
A5: T01 | B5: =IFERROR(INDEX(TraineeMaster!$B$5:$B$16,MATCH($A5,TraineeMaster!$A$5:$A$16,0)),"") -> Rahul Sharma (example) | C5: 32 | D5: 27 | E5: 21 | F5: 22 | G5: =IFERROR(D5+E5+F5,"") -> 70 | H5: =IFERROR(IF(C5>=100,"",(G5-C5)/(100-C5)*100),"") -> 55.882353
A6: T02 | B6: =IFERROR(INDEX(TraineeMaster!$B$5:$B$16,MATCH($A6,TraineeMaster!$A$5:$A$16,0)),"") -> 0 | G6: =IFERROR(D6+E6+F6,"") -> 0 | H6: =IFERROR(IF(C6>=100,"",(G6-C6)/(100-C6)*100),"") -> 0
A7: T03 | B7: =IFERROR(INDEX(TraineeMaster!$B$5:$B$16,MATCH($A7,TraineeMaster!$A$5:$A$16,0)),"") -> 0 | G7: =IFERROR(D7+E7+F7,"") -> 0 | H7: =IFERROR(IF(C7>=100,"",(G7-C7)/(100-C7)*100),"") -> 0
A8: T04 | B8: =IFERROR(INDEX(TraineeMaster!$B$5:$B$16,MATCH($A8,TraineeMaster!$A$5:$A$16,0)),"") -> 0 | G8: =IFERROR(D8+E8+F8,"") -> 0 | H8: =IFERROR(IF(C8>=100,"",(G8-C8)/(100-C8)*100),"") -> 0
A9: T05 | B9: =IFERROR(INDEX(TraineeMaster!$B$5:$B$16,MATCH($A9,TraineeMaster!$A$5:$A$16,0)),"") -> 0 | G9: =IFERROR(D9+E9+F9,"") -> 0 | H9: =IFERROR(IF(C9>=100,"",(G9-C9)/(100-C9)*100),"") -> 0
A10: T06 | B10: =IFERROR(INDEX(TraineeMaster!$B$5:$B$16,MATCH($A10,TraineeMaster!$A$5:$A$16,0)),"") -> 0 | G10: =IFERROR(D10+E10+F10,"") -> 0 | H10: =IFERROR(IF(C10>=100,"",(G10-C10)/(100-C10)*100),"") -> 0
A11: T07 | B11: =IFERROR(INDEX(TraineeMaster!$B$5:$B$16,MATCH($A11,TraineeMaster!$A$5:$A$16,0)),"") -> 0 | G11: =IFERROR(D11+E11+F11,"") -> 0 | H11: =IFERROR(IF(C11>=100,"",(G11-C11)/(100-C11)*100),"") -> 0
A12: T08 | B12: =IFERROR(INDEX(TraineeMaster!$B$5:$B$16,MATCH($A12,TraineeMaster!$A$5:$A$16,0)),"") -> 0 | G12: =IFERROR(D12+E12+F12,"") -> 0 | H12: =IFERROR(IF(C12>=100,"",(G12-C12)/(100-C12)*100),"") -> 0
A13: T09 | B13: =IFERROR(INDEX(TraineeMaster!$B$5:$B$16,MATCH($A13,TraineeMaster!$A$5:$A$16,0)),"") -> 0 | G13: =IFERROR(D13+E13+F13,"") -> 0 | H13: =IFERROR(IF(C13>=100,"",(G13-C13)/(100-C13)*100),"") -> 0
A14: T10 | B14: =IFERROR(INDEX(TraineeMaster!$B$5:$B$16,MATCH($A14,TraineeMaster!$A$5:$A$16,0)),"") -> 0 | G14: =IFERROR(D14+E14+F14,"") -> 0 | H14: =IFERROR(IF(C14>=100,"",(G14-C14)/(100-C14)*100),"") -> 0
A15: T11 | B15: =IFERROR(INDEX(TraineeMaster!$B$5:$B$16,MATCH($A15,TraineeMaster!$A$5:$A$16,0)),"") -> 0 | G15: =IFERROR(D15+E15+F15,"") -> 0 | H15: =IFERROR(IF(C15>=100,"",(G15-C15)/(100-C15)*100),"") -> 0
A16: T12 | B16: =IFERROR(INDEX(TraineeMaster!$B$5:$B$16,MATCH($A16,TraineeMaster!$A$5:$A$16,0)),"") -> 0 | G16: =IFERROR(D16+E16+F16,"") -> 0 | H16: =IFERROR(IF(C16>=100,"",(G16-C16)/(100-C16)*100),"") -> 0
B18: Velocity = normalised gain = (Gate − Baseline) ÷ (100 − Baseline) × 100. It measures the share of available improvement the trainee actually captured, which is what 'learning speed' means once you control for where they started.
B19: The one-line judgement column is mandatory. A number without a sentence tells you nothing you can act on in the D11 conversation.

Sheet Final
A1: Month 1 Final Scorecard — D26, Wednesday 30 September 2026
A2: Weighted total per the weights in row 4 (editable, blue). Bands and Month 2 scope levels follow the rule in the README. Feeds the department aptitude read and the Month 2 immersion allotment.
A4: Weights → | C4: 0.15 | D4: 0.15 | E4: 0.15 | F4: 0.25 | G4: 0.15 | H4: 0.15 | I4: =SUM(C4:H4) -> 1 | J4: must total 100%
A6: ID | B6: Name | C6: Log /5 | D6: Buddy /5 | E6: Test /20 | F6: Checkpt /100 | G6: Dept drills /100 | H6: Capstone /100 | I6: FINAL /100 | J6: Velocity | K6: Band | L6: Month 2 scope level
A7: T01 | B7: =IFERROR(INDEX(TraineeMaster!$B$5:$B$16,MATCH($A7,TraineeMaster!$A$5:$A$16,0)),"") -> Rahul Sharma (example) | C7: =IFERROR(DailyLog!D$31,"") -> 3 | D7: =IFERROR(Weekly!$K5,"") -> 4 | E7: =IFERROR(Weekly!$L5*20,"") -> 14 | F7: =IFERROR(GateD11!$G5,"") -> 70 | G7: 72 | H7: 68 | I7: =IFERROR(C7/5*100*$C$4 + D7/5*100*$D$4 + E7/20*100*$E$4 + F7*$F$4 + G7*$G$4 + H7*$H$4,"") -> 70 | J7: =IFERROR(GateD11!$H5,"") -> 55.882353 | K7: =IFERROR(IF(AND(I7>=75,J7>=55),"A",IF(I7>=60,"B",IF(I7>=45,"C","D"))),"") -> B | L7: =IFERROR(IF(K7="A","Harder immersion scope, weekly supervision",IF(K7="B","Standard immersion scope, daily supervision",IF(K7="C","Improvement plan naming two gaps + named mentor, re-check next month",IF(K7="D","Written conversation with Deepti now - NOT an exit, Gateway is the exit point","")))),"") -> Standard immersion scope, daily supervision
A8: T02 | B8: =IFERROR(INDEX(TraineeMaster!$B$5:$B$16,MATCH($A8,TraineeMaster!$A$5:$A$16,0)),"") -> 0 | C8: =IFERROR(DailyLog!E$31,"") -> 3 | D8: =IFERROR(Weekly!$K6,"") | E8: =IFERROR(Weekly!$L6*20,"") | F8: =IFERROR(GateD11!$G6,"") -> 0 | I8: =IFERROR(C8/5*100*$C$4 + D8/5*100*$D$4 + E8/20*100*$E$4 + F8*$F$4 + G8*$G$4 + H8*$H$4,"") | J8: =IFERROR(GateD11!$H6,"") -> 0 | K8: =IFERROR(IF(AND(I8>=75,J8>=55),"A",IF(I8>=60,"B",IF(I8>=45,"C","D"))),"") -> B | L8: =IFERROR(IF(K8="A","Harder immersion scope, weekly supervision",IF(K8="B","Standard immersion scope, daily supervision",IF(K8="C","Improvement plan naming two gaps + named mentor, re-check next month",IF(K8="D","Written conversation with Deepti now - NOT an exit, Gateway is the exit point","")))),"") -> Standard immersion scope, daily supervision
A9: T03 | B9: =IFERROR(INDEX(TraineeMaster!$B$5:$B$16,MATCH($A9,TraineeMaster!$A$5:$A$16,0)),"") -> 0 | C9: =IFERROR(DailyLog!F$31,"") -> 3 | D9: =IFERROR(Weekly!$K7,"") | E9: =IFERROR(Weekly!$L7*20,"") | F9: =IFERROR(GateD11!$G7,"") -> 0 | I9: =IFERROR(C9/5*100*$C$4 + D9/5*100*$D$4 + E9/20*100*$E$4 + F9*$F$4 + G9*$G$4 + H9*$H$4,"") | J9: =IFERROR(GateD11!$H7,"") -> 0 | K9: =IFERROR(IF(AND(I9>=75,J9>=55),"A",IF(I9>=60,"B",IF(I9>=45,"C","D"))),"") -> B | L9: =IFERROR(IF(K9="A","Harder immersion scope, weekly supervision",IF(K9="B","Standard immersion scope, daily supervision",IF(K9="C","Improvement plan naming two gaps + named mentor, re-check next month",IF(K9="D","Written conversation with Deepti now - NOT an exit, Gateway is the exit point","")))),"") -> Standard immersion scope, daily supervision
A10: T04 | B10: =IFERROR(INDEX(TraineeMaster!$B$5:$B$16,MATCH($A10,TraineeMaster!$A$5:$A$16,0)),"") -> 0 | C10: =IFERROR(DailyLog!G$31,"") -> 3 | D10: =IFERROR(Weekly!$K8,"") | E10: =IFERROR(Weekly!$L8*20,"") | F10: =IFERROR(GateD11!$G8,"") -> 0 | I10: =IFERROR(C10/5*100*$C$4 + D10/5*100*$D$4 + E10/20*100*$E$4 + F10*$F$4 + G10*$G$4 + H10*$H$4,"") | J10: =IFERROR(GateD11!$H8,"") -> 0 | K10: =IFERROR(IF(AND(I10>=75,J10>=55),"A",IF(I10>=60,"B",IF(I10>=45,"C","D"))),"") -> B | L10: =IFERROR(IF(K10="A","Harder immersion scope, weekly supervision",IF(K10="B","Standard immersion scope, daily supervision",IF(K10="C","Improvement plan naming two gaps + named mentor, re-check next month",IF(K10="D","Written conversation with Deepti now - NOT an exit, Gateway is the exit point","")))),"") -> Standard immersion scope, daily supervision
A11: T05 | B11: =IFERROR(INDEX(TraineeMaster!$B$5:$B$16,MATCH($A11,TraineeMaster!$A$5:$A$16,0)),"") -> 0 | C11: =IFERROR(DailyLog!H$31,"") -> 3 | D11: =IFERROR(Weekly!$K9,"") | E11: =IFERROR(Weekly!$L9*20,"") | F11: =IFERROR(GateD11!$G9,"") -> 0 | I11: =IFERROR(C11/5*100*$C$4 + D11/5*100*$D$4 + E11/20*100*$E$4 + F11*$F$4 + G11*$G$4 + H11*$H$4,"") | J11: =IFERROR(GateD11!$H9,"") -> 0 | K11: =IFERROR(IF(AND(I11>=75,J11>=55),"A",IF(I11>=60,"B",IF(I11>=45,"C","D"))),"") -> B | L11: =IFERROR(IF(K11="A","Harder immersion scope, weekly supervision",IF(K11="B","Standard immersion scope, daily supervision",IF(K11="C","Improvement plan naming two gaps + named mentor, re-check next month",IF(K11="D","Written conversation with Deepti now - NOT an exit, Gateway is the exit point","")))),"") -> Standard immersion scope, daily supervision
A12: T06 | B12: =IFERROR(INDEX(TraineeMaster!$B$5:$B$16,MATCH($A12,TraineeMaster!$A$5:$A$16,0)),"") -> 0 | C12: =IFERROR(DailyLog!I$31,"") -> 3 | D12: =IFERROR(Weekly!$K10,"") | E12: =IFERROR(Weekly!$L10*20,"") | F12: =IFERROR(GateD11!$G10,"") -> 0 | I12: =IFERROR(C12/5*100*$C$4 + D12/5*100*$D$4 + E12/20*100*$E$4 + F12*$F$4 + G12*$G$4 + H12*$H$4,"") | J12: =IFERROR(GateD11!$H10,"") -> 0 | K12: =IFERROR(IF(AND(I12>=75,J12>=55),"A",IF(I12>=60,"B",IF(I12>=45,"C","D"))),"") -> B | L12: =IFERROR(IF(K12="A","Harder immersion scope, weekly supervision",IF(K12="B","Standard immersion scope, daily supervision",IF(K12="C","Improvement plan naming two gaps + named mentor, re-check next month",IF(K12="D","Written conversation with Deepti now - NOT an exit, Gateway is the exit point","")))),"") -> Standard immersion scope, daily supervision
A13: T07 | B13: =IFERROR(INDEX(TraineeMaster!$B$5:$B$16,MATCH($A13,TraineeMaster!$A$5:$A$16,0)),"") -> 0 | C13: =IFERROR(DailyLog!J$31,"") -> 3 | D13: =IFERROR(Weekly!$K11,"") | E13: =IFERROR(Weekly!$L11*20,"") | F13: =IFERROR(GateD11!$G11,"") -> 0 | I13: =IFERROR(C13/5*100*$C$4 + D13/5*100*$D$4 + E13/20*100*$E$4 + F13*$F$4 + G13*$G$4 + H13*$H$4,"") | J13: =IFERROR(GateD11!$H11,"") -> 0 | K13: =IFERROR(IF(AND(I13>=75,J13>=55),"A",IF(I13>=60,"B",IF(I13>=45,"C","D"))),"") -> B | L13: =IFERROR(IF(K13="A","Harder immersion scope, weekly supervision",IF(K13="B","Standard immersion scope, daily supervision",IF(K13="C","Improvement plan naming two gaps + named mentor, re-check next month",IF(K13="D","Written conversation with Deepti now - NOT an exit, Gateway is the exit point","")))),"") -> Standard immersion scope, daily supervision
A14: T08 | B14: =IFERROR(INDEX(TraineeMaster!$B$5:$B$16,MATCH($A14,TraineeMaster!$A$5:$A$16,0)),"") -> 0 | C14: =IFERROR(DailyLog!K$31,"") -> 3 | D14: =IFERROR(Weekly!$K12,"") | E14: =IFERROR(Weekly!$L12*20,"") | F14: =IFERROR(GateD11!$G12,"") -> 0 | I14: =IFERROR(C14/5*100*$C$4 + D14/5*100*$D$4 + E14/20*100*$E$4 + F14*$F$4 + G14*$G$4 + H14*$H$4,"") | J14: =IFERROR(GateD11!$H12,"") -> 0 | K14: =IFERROR(IF(AND(I14>=75,J14>=55),"A",IF(I14>=60,"B",IF(I14>=45,"C","D"))),"") -> B | L14: =IFERROR(IF(K14="A","Harder immersion scope, weekly supervision",IF(K14="B","Standard immersion scope, daily supervision",IF(K14="C","Improvement plan naming two gaps + named mentor, re-check next month",IF(K14="D","Written conversation with Deepti now - NOT an exit, Gateway is the exit point","")))),"") -> Standard immersion scope, daily supervision
A15: T09 | B15: =IFERROR(INDEX(TraineeMaster!$B$5:$B$16,MATCH($A15,TraineeMaster!$A$5:$A$16,0)),"") -> 0 | C15: =IFERROR(DailyLog!L$31,"") -> 3 | D15: =IFERROR(Weekly!$K13,"") | E15: =IFERROR(Weekly!$L13*20,"") | F15: =IFERROR(GateD11!$G13,"") -> 0 | I15: =IFERROR(C15/5*100*$C$4 + D15/5*100*$D$4 + E15/20*100*$E$4 + F15*$F$4 + G15*$G$4 + H15*$H$4,"") | J15: =IFERROR(GateD11!$H13,"") -> 0 | K15: =IFERROR(IF(AND(I15>=75,J15>=55),"A",IF(I15>=60,"B",IF(I15>=45,"C","D"))),"") -> B | L15: =IFERROR(IF(K15="A","Harder immersion scope, weekly supervision",IF(K15="B","Standard immersion scope, daily supervision",IF(K15="C","Improvement plan naming two gaps + named mentor, re-check next month",IF(K15="D","Written conversation with Deepti now - NOT an exit, Gateway is the exit point","")))),"") -> Standard immersion scope, daily supervision
A16: T10 | B16: =IFERROR(INDEX(TraineeMaster!$B$5:$B$16,MATCH($A16,TraineeMaster!$A$5:$A$16,0)),"") -> 0 | C16: =IFERROR(DailyLog!M$31,"") -> 3 | D16: =IFERROR(Weekly!$K14,"") | E16: =IFERROR(Weekly!$L14*20,"") | F16: =IFERROR(GateD11!$G14,"") -> 0 | I16: =IFERROR(C16/5*100*$C$4 + D16/5*100*$D$4 + E16/20*100*$E$4 + F16*$F$4 + G16*$G$4 + H16*$H$4,"") | J16: =IFERROR(GateD11!$H14,"") -> 0 | K16: =IFERROR(IF(AND(I16>=75,J16>=55),"A",IF(I16>=60,"B",IF(I16>=45,"C","D"))),"") -> B | L16: =IFERROR(IF(K16="A","Harder immersion scope, weekly supervision",IF(K16="B","Standard immersion scope, daily supervision",IF(K16="C","Improvement plan naming two gaps + named mentor, re-check next month",IF(K16="D","Written conversation with Deepti now - NOT an exit, Gateway is the exit point","")))),"") -> Standard immersion scope, daily supervision
A17: T11 | B17: =IFERROR(INDEX(TraineeMaster!$B$5:$B$16,MATCH($A17,TraineeMaster!$A$5:$A$16,0)),"") -> 0 | C17: =IFERROR(DailyLog!N$31,"") -> 3 | D17: =IFERROR(Weekly!$K15,"") | E17: =IFERROR(Weekly!$L15*20,"") | F17: =IFERROR(GateD11!$G15,"") -> 0 | I17: =IFERROR(C17/5*100*$C$4 + D17/5*100*$D$4 + E17/20*100*$E$4 + F17*$F$4 + G17*$G$4 + H17*$H$4,"") | J17: =IFERROR(GateD11!$H15,"") -> 0 | K17: =IFERROR(IF(AND(I17>=75,J17>=55),"A",IF(I17>=60,"B",IF(I17>=45,"C","D"))),"") -> B | L17: =IFERROR(IF(K17="A","Harder immersion scope, weekly supervision",IF(K17="B","Standard immersion scope, daily supervision",IF(K17="C","Improvement plan naming two gaps + named mentor, re-check next month",IF(K17="D","Written conversation with Deepti now - NOT an exit, Gateway is the exit point","")))),"") -> Standard immersion scope, daily supervision
A18: T12 | B18: =IFERROR(INDEX(TraineeMaster!$B$5:$B$16,MATCH($A18,TraineeMaster!$A$5:$A$16,0)),"") -> 0 | C18: =IFERROR(DailyLog!O$31,"") -> 3 | D18: =IFERROR(Weekly!$K16,"") | E18: =IFERROR(Weekly!$L16*20,"") | F18: =IFERROR(GateD11!$G16,"") -> 0 | I18: =IFERROR(C18/5*100*$C$4 + D18/5*100*$D$4 + E18/20*100*$E$4 + F18*$F$4 + G18*$G$4 + H18*$H$4,"") | J18: =IFERROR(GateD11!$H16,"") -> 0 | K18: =IFERROR(IF(AND(I18>=75,J18>=55),"A",IF(I18>=60,"B",IF(I18>=45,"C","D"))),"") -> B | L18: =IFERROR(IF(K18="A","Harder immersion scope, weekly supervision",IF(K18="B","Standard immersion scope, daily supervision",IF(K18="C","Improvement plan naming two gaps + named mentor, re-check next month",IF(K18="D","Written conversation with Deepti now - NOT an exit, Gateway is the exit point","")))),"") -> Standard immersion scope, daily supervision
B20: Dept drills /100 = the average of the four field-drill outputs from the September department blocks, marked by each department head.
B21: Capstone /100 = the 10-minute D26 presentation on one real problem found on site and the recommendation, marked by Rahul, the Sponsor and Deepti.
B22: A trainee in band D at D26 should already have heard it at D11. The Gateway in Month 5 is the exit point - but nobody should reach it surprised.

Sheet Immersions
A1: Months 2 to 4 - Department Immersions
A2: Filled at the 30 Sep placement meeting. The department columns follow the pod rotation in the Rotation sheet; the scope and reporting engineer are decided per trainee.
A4: ID | B4: Name | C4: Month 2 dept | D4: Month 3 dept | E4: Month 4 dept | F4: Reporting engineer | G4: Month 2 scope (be specific)
A5: T01 | B5: =IFERROR(INDEX(TraineeMaster!$B$5:$B$16,MATCH($A5,TraineeMaster!$A$5:$A$16,0)),"") -> Rahul Sharma (example) | G5: Zen Garden Tower 1, floors 4-5, masonry and plaster (example)
A6: T02 | B6: =IFERROR(INDEX(TraineeMaster!$B$5:$B$16,MATCH($A6,TraineeMaster!$A$5:$A$16,0)),"") -> 0
A7: T03 | B7: =IFERROR(INDEX(TraineeMaster!$B$5:$B$16,MATCH($A7,TraineeMaster!$A$5:$A$16,0)),"") -> 0
A8: T04 | B8: =IFERROR(INDEX(TraineeMaster!$B$5:$B$16,MATCH($A8,TraineeMaster!$A$5:$A$16,0)),"") -> 0
A9: T05 | B9: =IFERROR(INDEX(TraineeMaster!$B$5:$B$16,MATCH($A9,TraineeMaster!$A$5:$A$16,0)),"") -> 0
A10: T06 | B10: =IFERROR(INDEX(TraineeMaster!$B$5:$B$16,MATCH($A10,TraineeMaster!$A$5:$A$16,0)),"") -> 0
A11: T07 | B11: =IFERROR(INDEX(TraineeMaster!$B$5:$B$16,MATCH($A11,TraineeMaster!$A$5:$A$16,0)),"") -> 0
A12: T08 | B12: =IFERROR(INDEX(TraineeMaster!$B$5:$B$16,MATCH($A12,TraineeMaster!$A$5:$A$16,0)),"") -> 0
A13: T09 | B13: =IFERROR(INDEX(TraineeMaster!$B$5:$B$16,MATCH($A13,TraineeMaster!$A$5:$A$16,0)),"") -> 0
A14: T10 | B14: =IFERROR(INDEX(TraineeMaster!$B$5:$B$16,MATCH($A14,TraineeMaster!$A$5:$A$16,0)),"") -> 0
A15: T11 | B15: =IFERROR(INDEX(TraineeMaster!$B$5:$B$16,MATCH($A15,TraineeMaster!$A$5:$A$16,0)),"") -> 0
A16: T12 | B16: =IFERROR(INDEX(TraineeMaster!$B$5:$B$16,MATCH($A16,TraineeMaster!$A$5:$A$16,0)),"") -> 0
B18: SCOPE DESIGN RULE
B19: Small enough that the trainee can actually control it; real enough that getting it wrong shows. One floor of one trade is right. 'Assist the Site Engineer' is not a scope and teaches nothing - it is the default every trainee programme drifts into, and it is why most of them produce nothing.
B20: What ownership looks like in each department: in Store, they own the reconciliation of two materials for the month and sign it. In Quality, the checklists for one floor. In Measurement, the take-off for one flat type. In Supervision, one trade on one floor.
B21: Write the reporting engineer's accountability for their trainee into that engineer's own monthly objectives. Otherwise it competes with site work and loses.
B22: Each immersion ends with a written review by the department head. Three independent opinions per trainee by December is what makes the Gateway allotment defensible.
B25: Phase 1 milestones after September
B26: When | C26: Milestone | D26: Owner
B27: 31 Oct 2026 | C27: Month 2 immersion review - written, by the department head | D27: Dept head + Deepti
B28: 30 Nov 2026 | C28: Month 3 immersion review | D28: Dept head + Deepti
B29: 24 Dec 2026 | C29: Month 4 immersion review; catch-up week in the fourth department begins | D29: Dept head + Deepti
B30: 31 Dec 2026 | C30: Gateway briefing - every trainee told exactly what the assessment covers | D30: Deepti
B31: Week 1 Jan 2027 | C31: GATEWAY ASSESSMENT - theory and practical | D31: Rahul + Deepti + QC Head
B32: Jan 2027 | C32: Department allotment issued in writing | D32: Rahul + HR
B33: 31 May 2027 | C33: End of 9-month probation - confirmation letters and revised terms | D33: Rahul + HR
